Cond,FamIDNO,FamMem,C1,C2,C3,C4,C5,C6,C7,C8,C9,C10,C11,C12,C13,C14,Sex,Age1,Ht1,Wt1
1,1,1,7,5,5,6,4,4,,,,,,,,,1,42,67.25,1.78
1,1,2,24,18,12,10,13,,,,,,,,,,0,43,68.5,2.07
1,1,3,4,4,4,3,3,6,,,,,,,,,1,12,64.5,1.56
1,1,4,17,13,15,11,14,15,,,,,,,,,1,14,66.25,1.72
1,1,5,12,8,7,4,7,9,,,,,,,,,1,10,57,0.81
1,2,1,12,11,7,6,12,6,10,8,3,5,7,3,10,6,1,50,60,1.53
1,2,2,10,10,16,14,14,10,17,14,13,14,15,8,12,11,0,41,68,2.21
1,2,3,13,17,21,9,12,5,7,6,7,7,21,8,9,7,0,11,57.5,1.12
1,2,4,11,10,6,6,3,1,2,1,2,2,1,1,0,1,1,10,50.5,0.55
1,4,1,8,8,5,8,8,7,7,7,7,6,7,9,7,7,1,46,68,2.15
1,4,3,2,7,4,3,6,6,5,6,7,8,6,7,7,7,1,10,57,1.04
1,5,1,0,4,1,7,1,3,,4,5,7,6,3,0,7,1,41,60,1.295
1,5,2,0,9,11,13,7,11,2,,,,,,,,0,42,69.75,2.7
1,5,3,0,9,12,12,3,,4,5,5,7,6,3,6,6,0,8,52.5,1.01
1,6,1,5,7,11,9,9,9,8,11,12,14,10,11,11,8,1,37,65,2.15
1,6,3,8,4,10,11,11,11,11,11,11,12,6,11,8,6,1,11,65.25,2.0775
1,6,5,7,4,10,11,11,10,14,12,14,11,14,14,10,12,0,10,57.25,0.84
1,6,6,8,4,9,10,10,9,12,11,14,14,9,8,10,10,1,16,64.5,2.07
1,7,1,6,9,3,,,,,,,,,,,,1,49,66,1.775
1,7,2,9,8,0,,,,,,,,,,,,0,55,66,1.455
1,7,3,4,7,3,,,,,,,,,,,,0,9,58.25,1.015
1,8,1,7,11,12,8,7,9,9,7,10,9,10,6,10,8,1,45,61.5,1.06
1,8,2,10,14,12,11,8,8,11,14,10,11,7,12,12,10,0,47,70.5,1.92
1,8,3,4,8,2,2,1,1,3,1,0,1,0,0,0,1,0,12,61,1.42
1,8,4,1,2,0,0,0,0,0,,,,,,,,0,17,70.5,2.1
1,8,5,5,5,6,4,6,3,5,0,2,3,1,3,5,3,1,15,64.25,1.52
1,10,1,12,12,14,11,13,13,12,10,11,9,13,14,14,13,1,44,62,1.69
1,10,3,11,14,10,9,14,14,10,11,14,12,7,11,13,10,0,12,60,1.5
1,11,1,7,9,8,6,4,2,6,4,2,1,2,4,4,4,1,42,67.5,1.36
1,11,2,11,14,12,11,11,3,10,4,6,4,4,7,8,3,0,43,68.5,1.9
1,11,3,12,6,9,13,6,11,10,8,9,7,1,6,6,6,1,11,60.25,1.29
1,11,4,5,2,6,0,0,0,0,2,0,0,4,1,5,0,0,11,56.75,0.79
1,11,5,3,0,,,,,,,,,,,,,1,13,65,1.06
1,13,1,2,3,5,5,5,5,5,6,6,3,5,5,5,5,1,42,68.25,1.28
1,13,3,4,6,9,11,11,12,8,6,12,7,8,5,6,9,1,12,61.25,1.19
1,14,1,0,0,0,0,0,0,0,0,0,0,2,4,1,0,1,43,62.75,2.76
1,14,2,0,4,1,6,2,5,3,0,0,0,5,5,6,4,0,36,65.25,2.19
1,14,3,3,8,4,5,5,4,3,0,0,0,6,4,4,2,0,12,56.75,1.04
1,16,1,4,9,11,9,11,11,,,,,,,,,1,45,68,1.81
1,16,3,11,8,26,6,17,12,,,,,,,,,0,10,60.5,1.12
1,16,4,15,11,29,17,24,18,,,,,,,,,0,14,74.25,1.42
1,16,5,8,7,7,4,4,6,,,,,,,,,1,10,58,0.85
1,17,1,14,14,14,0,2,0,0,0,2,3,0,0,0,0,1,41,64,1.925
1,17,3,14,14,9,5,11,9,4,7,5,5,0,5,3,0,1,10,58,1.305
1,18,1,3,11,4,4,7,6,7,9,6,12,5,8,8,11,1,38,63.25,1.52
1,18,2,12,8,9,9,11,7,8,5,6,8,8,6,5,4,0,44,71.5,2.04
1,18,3,12,14,14,12,14,14,14,4,11,14,14,12,11,5,0,12,59,1.085
1,18,4,2,6,7,9,7,10,10,7,9,8,8,8,9,7,1,15,62,1.14
1,18,5,2,9,4,5,4,0,5,6,4,0,4,10,8,10,1,17,64.25,1.29
1,19,1,0,0,0,0,0,,0,0,0,0,0,0,0,0,1,39,67,1.54
1,19,3,16,1,0,9,,,,,,,,,,,0,12,60.25,1.225
1,19,4,6,3,2,7,2,,3,5,,,1,8,4,9,1,9,56,0.965
1,20,1,3,5,12,8,5,4,3,0,0,0,3,3,4,3,1,49,66,2.485
1,20,2,9,18,20,13,6,11,0,9,6,4,16,14,8,14,0,50,69.5,2.24
1,20,3,5,7,2,3,7,1,0,0,3,1,2,4,4,0,1,10,58.5,1.005
1,20,4,1,0,2,3,0,0,2,2,1,2,0,1,0,0,1,14,67,1.555
1,21,1,10,7,5,9,7,9,6,7,6,6,10,7,5,6,1,40,64.75,1.28
1,21,2,13,13,8,14,10,11,12,10,12,14,14,10,10,8,0,37,74.75,2.13
1,21,3,9,7,8,9,10,9,7,7,6,8,10,8,6,8,1,8,57.75,1.18
1,21,4,9,6,7,9,10,10,7,5,6,7,10,8,6,8,1,6,48.5,0.495
1,22,2,6,0,2,0,2,6,3,1,0,4,4,0,3,3,0,38,70,2.2
1,22,3,28,29,19,25,16,24,16,16,13,18,15,18,18,15,0,8,53.75,1.02
1,23,1,12,11,14,8,7,7,6,10,13,8,8,5,5,6,1,34,60.75,1.38
1,23,2,16,20,19,19,22,22,15,22,28,17,25,24,26,20,0,36,70,1.71
1,23,3,14,11,10,11,13,12,16,14,13,8,13,12,12,11,1,8,49.5,0.68
1,24,1,4,10,15,13,7,13,14,12,14,12,12,11,14,18,1,38,64,1.64
1,24,2,10,12,12,14,11,10,12,12,14,11,14,14,12,15,0,46,70.5,1.955
1,24,3,12,14,13,13,13,14,13,13,14,14,14,12,12,14,0,9,56,1.18
1,25,1,8,14,14,10,14,14,12,14,14,14,14,14,14,12,1,46,67,3.225
1,25,2,9,11,3,5,7,7,7,9,12,10,11,11,12,12,0,47,68.5,2.48
1,25,3,7,15,12,12,13,12,6,14,14,12,11,9,12,11,1,11,62.5,2.08
1,26,1,7,12,10,12,12,11,8,10,9,13,14,10,4,9,1,25,62.25,1.23
1,26,3,8,12,10,9,9,9,9,11,9,9,7,7,5,5,1,8,49,0.72
1,27,1,9,15,12,13,12,14,12,17,14,15,16,15,11,12,1,46,59,1.485
1,27,2,23,22,16,23,27,19,22,24,19,25,19,25,3,14,0,54,71.5,2.36
1,27,3,4,4,9,13,8,8,7,10,8,8,7,8,7,6,1,10,55.5,0.96
1,30,1,6,4,7,5,6,5,5,5,6,7,5,4,5,5,1,41,66,1.54
1,30,2,7,7,6,12,7,7,12,12,11,12,12,8,14,13,0,44,69.5,1.89
1,30,3,5,4,14,10,9,8,4,4,11,13,4,2,10,12,1,12,63.25,1.57
1,30,4,6,4,3,2,3,2,2,7,7,7,6,5,6,6,0,10,57.75,0.77
1,31,1,7,11,8,8,9,7,8,8,6,8,6,7,5,6,1,39,67.25,1.52
1,31,3,7,10,8,8,9,7,8,8,7,7,7,7,6,5,0,9,55,0.84
1,31,4,6,8,7,7,7,4,7,7,8,6,7,5,7,8,1,12,58.75,0.81
1,32,1,11,11,12,11,4,9,12,11,7,9,10,7,7,13,1,41,62,1.39
1,32,2,4,6,13,7,7,7,4,5,3,1,8,3,3,4,0,41,72,1.86
1,32,3,9,17,16,7,17,8,10,9,8,8,7,8,11,9,0,12,59.25,1.34
1,32,4,5,9,10,13,9,6,3,4,2,3,7,9,9,8,1,10,56.25,0.66
1,32,5,13,15,17,15,7,14,13,11,15,11,8,13,22,20,0,15,62.25,0.9
1,34,1,4,9,5,8,11,4,,12,10,9,7,8,8,14,1,45,66.25,1.37
1,34,2,5,5,5,7,9,7,,,,,,,,,0,46,72,1.81
1,34,3,7,14,9,12,12,8,,14,11,12,10,11,8,11,1,11,62,1.33
1,34,4,11,13,10,13,11,11,,12,14,11,12,12,9,11,0,16,74,1.63
1,34,5,2,11,8,10,13,6,,10,7,7,7,8,6,8,0,9,52.5,0.65
1,37,1,6,6,12,10,12,12,12,11,11,,11,13,8,11,1,42,60.5,1.285
1,37,2,13,14,14,14,14,14,14,14,14,,7,4,5,12,0,36,74,2.115
1,37,3,4,,11,10,14,14,10,14,14,,14,14,7,8,1,10,58.25,1.01
1,37,4,14,14,14,0,9,,11,14,14,,16,16,15,12,0,8,54.5,0.88
1,37,6,6,6,10,14,,12,8,11,10,,11,13,12,11,1,14,63.25,1.13
1,40,1,10,12,12,10,8,9,10,11,10,10,12,14,,,1,33,65,1.42
1,40,3,12,10,10,12,12,12,13,13,14,10,12,10,,,0,9,58.25,1.43
1,41,1,1,3,2,2,4,4,9,3,0,2,2,3,3,3,1,42,60.75,1.24
1,41,3,3,3,2,2,4,3,4,2,0,2,2,2,3,3,1,9,53.25,0.8325
1,42,1,2,0,3,5,1,1,0,1,1,3,2,3,2,3,1,44,67.5,1.865
1,42,2,2,2,3,7,2,4,5,4,3,8,4,3,8,6,0,42,68.25,2.17
1,42,3,4,16,13,6,10,8,13,4,5,9,10,9,10,8,1,11,58,1.09
1,42,4,20,24,11,2,2,3,5,0,0,3,0,0,0,0,0,9,55,1.03
1,43,1,3,10,10,10,6,6,9,12,12,12,12,12,11,8,1,43,66,1.865
1,43,2,0,2,10,3,2,6,5,3,5,2,9,4,6,3,0,42,69.5,1.83
1,43,3,10,11,13,13,3,12,12,7,8,10,11,6,9,6,0,11,58.75,1.115
1,43,4,4,9,9,6,1,4,3,3,3,1,0,0,3,5,0,9,53,0.63
1,45,1,0,6,4,2,0,1,0,3,1,4,0,5,1,0,1,35,63.25,1.19
1,45,3,4,3,1,1,0,0,0,6,0,0,1,1,2,0,0,11,61,1.155
1,45,4,6,0,1,3,0,4,4,6,0,1,1,2,4,2,0,8,49.5,0.7
1,45,5,6,6,4,2,4,6,1,2,0,0,0,0,2,0,0,9,53.5,0.76
1,45,6,5,7,6,8,2,7,6,5,4,5,9,9,8,11,0,12,55.5,0.77
1,45,7,10,11,4,6,7,8,5,2,4,3,2,2,8,2,0,17,67,2.21
1,46,2,0,7,7,2,,,,,,,,,,,0,39,64.5,1.94
1,46,3,0,14,14,4,,,,,,,,,,,1,12,58,1.42
1,47,1,3,3,11,10,4,10,0,0,0,0,6,8,4,6,1,39,64.5,1.615
1,47,2,0,4,8,10,13,11,11,12,12,11,8,14,14,14,0,41,67,1.91
1,47,3,10,4,14,9,13,9,4,4,4,4,9,9,7,7,0,12,55.5,1.18
1,47,4,4,2,11,10,11,10,,,,,,,,,1,10,52,0.67
1,48,1,3,7,5,8,8,9,7,10,8,9,9,4,,,1,35,62,2.05
1,48,2,10,13,26,20,22,26,23,23,27,21,23,18,16,,0,37,72,2.03
1,48,3,6,11,20,20,11,18,28,20,22,15,25,16,20,,0,11,62,1.27
1,48,4,4,8,8,10,11,10,15,12,12,12,9,15,8,,0,13,64.5,1.18
1,48,5,9,9,13,10,4,9,11,12,10,6,9,12,14,,1,8,53,0.6375
1,49,1,4,8,7,7,8,3,7,4,6,6,,,,,1,43,65,2.27
1,49,2,3,7,5,6,3,0,0,0,0,0,,,,,0,45,66,2.65
1,49,3,0,5,4,2,0,4,1,0,2,0,,,,,0,9,51,0.795
1,50,1,4,2,13,9,0,4,7,9,3,6,3,0,5,6,1,39,63,1.26
1,50,2,8,4,10,10,0,6,12,12,11,8,9,9,11,11,0,49,71,1.79
1,50,3,3,1,7,2,0,2,10,7,7,4,3,4,4,4,0,10,57,0.93
1,50,4,4,8,14,14,14,14,10,11,10,12,14,12,14,12,0,13,67,1.53
1,51,1,5,9,,,,,,,,,,,,,1,44,64.5,2.09
1,51,3,5,2,,,,,,,,,,,,,1,9,58.5,1.325
1,51,4,5,5,,,,,,,,,,,,,1,17,65.75,1.325
1,51,5,1,6,,,,,,,,,,,,,0,14,68.5,2.02
1,53,1,5,6,3,4,5,3,2,3,3,1,0,0,3,,1,40,67,2.05
1,53,2,9,9,9,11,5,4,11,5,11,3,9,10,7,7,0,41,72.25,2.23
1,53,3,14,13,11,18,7,10,11,8,6,7,16,8,8,14,0,11,63.5,1.52
1,53,4,7,2,8,2,10,3,4,4,3,6,12,7,10,7,1,7,52.75,0.78
1,54,1,0,1,1,2,,,,,,,,,,,1,46,68,1.92
1,54,3,0,2,2,4,,,,,,,,,,,0,11,60.5,1.2725
1,57,1,8,8,7,7,6,12,12,7,10,6,10,9,7,5,1,41,66.5,1.36
1,57,2,8,8,5,6,7,6,6,9,8,6,13,6,9,4,0,56,72,2.33
1,57,3,10,9,10,12,6,14,12,14,11,9,10,14,9,7,0,10,61.5,1.115
1,58,1,6,7,2,1,3,5,9,6,6,6,10,6,8,7,1,44,65.25,1.295
1,58,2,10,12,4,12,10,10,14,8,19,13,12,14,14,2,0,43,72.75,2.01
1,58,3,12,10,7,4,9,7,12,11,13,10,3,8,7,4,0,10,61.5,1.12
1,58,4,15,14,1,5,7,2,4,6,10,10,9,5,9,6,0,14,69.5,1.23
1,59,1,0,0,5,6,5,2,6,5,5,5,5,5,4,5,1,32,62.5,2.28
1,59,3,14,16,16,16,12,16,14,14,14,14,9,7,4,5,1,8,49.25,0.79
1,59,4,3,18,19,16,12,17,14,14,14,14,10,10,4,6,0,10,53.25,0.84
1,60,1,0,0,,0,0,0,0,0,0,0,0,0,0,0,1,46,64.75,1.88
1,60,3,12,10,,2,0,0,0,0,0,0,3,4,3,2,0,12,62.75,1.57
1,61,1,10,7,5,9,5,6,8,4,6,7,7,8,6,8,1,44,67.75,1.62
1,61,3,7,17,10,12,10,3,11,3,10,4,4,8,7,6,1,11,59.25,1.125
1,61,4,8,8,8,13,0,9,8,1,4,8,7,8,5,6,0,8,54.75,0.71
1,62,1,4,3,7,7,7,7,6,7,4,5,7,7,7,7,1,41,65,1.47
1,62,2,14,10,14,15,18,12,16,14,16,12,12,14,13,12,0,50,73,2.39
1,62,3,6,7,7,7,7,9,5,3,9,11,12,13,12,12,0,10,59,1.01
1,62,4,9,5,10,11,10,9,7,9,8,8,8,9,8,5,1,13,64,1.25
1,63,1,3,4,5,5,4,4,6,7,5,9,,,,,1,32,66.25,1.81
1,63,2,5,6,7,10,7,2,12,14,16,8,,,,,0,32,70.75,1.85
1,63,3,5,9,9,9,9,8,9,9,9,6,,,,,1,8,53.5,0.79
1,63,4,5,6,5,9,6,6,8,14,8,7,,,,,1,10,58,0.845
1,64,1,2,2,2,2,1,1,3,5,3,5,3,3,3,2,1,37,65.75,1.645
1,64,2,11,13,12,12,16,24,18,15,16,12,16,16,10,18,0,36,67.5,2.48
1,64,3,7,6,5,6,0,5,9,9,6,6,6,7,5,5,0,9,52.5,0.835
1,65,1,3,6,7,8,8,14,10,8,0,8,2,6,6,8,1,41,63.5,1.345
1,65,3,6,7,7,8,7,5,9,8,10,10,2,2,0,1,0,11,56.5,0.955
1,65,4,8,9,8,12,14,12,15,13,15,6,5,8,6,7,1,8,52,0.745
1,66,1,9,9,2,1,7,7,6,7,7,7,7,7,7,7,1,37,65,1.2
1,66,2,2,20,8,0,20,14,14,14,14,14,14,14,14,14,0,37,65.5,1.65
1,66,3,8,7,2,0,12,7,7,7,7,7,7,7,7,7,1,8,52.5,0.76
1,67,1,4,8,9,2,10,7,,8,9,8,7,4,5,5,1,37,64.25,1.48
1,67,3,2,11,14,11,13,13,13,11,13,9,4,10,7,5,0,10,55.75,0.935
1,67,4,0,6,3,3,,5,2,,,,,,,,1,16,64,1.13
1,68,1,9,12,14,14,11,13,9,13,11,11,,9,13,15,1,47,61,1.53
1,68,3,14,9,15,12,9,8,11,13,12,10,,11,16,17,0,11,61.5,1.23
1,69,1,0,1,2,4,8,12,,,,,,,,,1,36,64,1.825
1,69,2,12,18,13,12,25,14,,,,,,,,,0,39,63,1.465
1,69,3,10,6,6,9,14,11,,,,,,,,,0,8,54,1.235
1,69,4,8,3,2,8,14,13,,,,,,,,,1,11,55.75,0.72
1,69,5,9,10,6,10,10,10,,,,,,,,,1,14,61.75,1.05
1,70,1,1,2,1,2,4,4,3,2,2,2,0,5,6,6,1,43,62,1.61
1,70,2,10,10,8,8,8,7,,7,9,9,7,7,7,7,0,44,71,2.175
1,70,3,17,12,14,12,14,11,12,18,15,14,14,15,17,13,0,10,57.25,1.04
1,70,4,4,7,4,6,10,6,6,8,8,0,1,2,5,5,1,12,58.5,0.775
1,70,5,16,12,9,12,14,12,7,14,13,14,14,8,12,11,0,14,66,2.19
1,71,2,7,10,10,10,10,8,12,6,10,10,12,8,12,4,0,34,68.5,1.735
1,71,3,2,5,5,4,1,7,2,5,2,6,3,7,0,2,0,8,51,0.67
1,73,1,6,6,3,7,4,3,8,5,4,6,10,6,11,8,1,33,65.5,2.15
1,73,2,0,2,11,4,3,7,9,8,6,5,3,5,4,2,0,32,65.75,2.21
1,73,3,13,7,0,7,6,2,2,6,5,5,0,1,0,1,1,9,54.25,1.16
1,74,1,0,2,3,1,3,2,1,,,,,,,,1,29,60.5,1.77
1,74,2,0,0,0,0,0,0,,,,,,,,,0,34,65.75,1.79
1,74,3,2,3,3,3,4,2,1,,,,,,,,1,10,52,0.87
1,74,4,2,3,3,3,7,7,1,,,,,,,,1,11,53,0.62
1,74,5,5,5,7,7,7,7,4,,,,,,,,1,8,41.5,0.4
1,75,1,4,2,5,5,5,4,6,7,9,7,4,5,5,,1,40,70,2
1,75,3,4,8,8,5,7,6,7,7,8,7,6,6,7,,1,12,63.25,2.23
1,75,4,5,6,6,4,5,7,7,7,7,7,5,6,6,,1,11,63.25,1.8025
1,101,1,6,5,7,6,9,5,7,6,6,4,4,7,3,6,1,34,65.5,1.18
1,101,3,4,5,4,5,6,3,3,4,4,4,3,5,2,4,0,8,53,0.93
1,101,4,5,6,5,4,6,3,5,5,5,5,1,2,4,2,1,10,62.25,1.15
1,102,1,1,3,4,6,10,6,6,,,,,,,,1,29,65.75,1.325
1,102,3,6,14,12,13,5,12,11,,,,,,,,0,11,58,1.26
1,104,1,5,5,1,6,7,4,4,6,4,5,5,4,1,4,1,50,61.5,1.55
1,104,2,3,5,1,4,4,3,5,5,5,3,4,4,3,4,0,54,70.75,2.05
1,104,3,10,8,1,10,10,12,12,10,8,6,12,8,2,6,0,10,56,1.16
1,105,1,1,3,1,2,2,2,1,2,2,,,,,,1,40,63,1.98
1,105,2,4,1,0,0,0,0,0,0,0,,,,,,0,45,67,2.78
1,105,3,1,3,3,3,7,4,0,2,5,,,,,,1,9,58,1.435
1,105,4,6,4,2,2,0,3,4,3,4,,,,,,0,12,65,1.5
1,106,1,3,4,6,6,6,8,7,6,6,6,8,6,6,6,1,39,65.25,1.86
1,106,2,7,4,6,6,6,7,6,6,6,6,6,6,6,6,0,39,65,1.82
1,106,3,6,6,8,6,6,9,8,8,8,8,6,8,8,8,0,12,59,1.14
1,107,1,1,6,6,7,7,,7,8,5,6,7,8,8,9,1,45,67.75,1.725
1,107,3,1,8,4,8,4,,5,5,4,5,3,6,7,8,0,9,52,0.8175
1,108,1,2,3,3,2,3,0,1,1,3,0,,,,,1,27,65,1.45
1,108,3,2,7,3,3,2,0,3,1,3,2,,,,,0,8,50,0.6775
1,109,1,4,7,8,6,3,5,0,3,2,6,5,5,4,2,1,42,68,1.93
1,109,2,5,5,6,,7,6,0,5,5,6,6,6,6,7,0,42,72,1.8725
1,109,3,6,6,8,6,5,5,3,5,6,6,5,4,4,3,1,12,61.25,1.4425
1,110,1,4,9,12,12,13,13,11,11,11,5,8,10,9,11,1,39,69,2.03
1,110,3,5,6,10,11,10,7,8,8,8,3,4,4,7,4,1,10,63,1.35
1,111,1,2,0,,,,,,,,,,,,,1,38,57.5,1.41
1,111,3,3,0,1,,0,2,2,0,,,,,,,1,10,55.5,1.17
1,112,1,6,6,7,8,8,8,8,10,10,6,9,10,8,5,1,49,66.5,1.49
1,112,3,14,14,14,14,14,14,14,14,14,6,11,10,11,9,1,10,62.25,1.6075
1,113,1,3,3,3,3,1,2,,5,7,4,3,4,5,4,1,38,68,1.46
1,113,2,4,5,7,5,4,3,,0,5,1,1,0,0,0,0,37,71,1.74
1,113,3,7,5,8,3,6,0,,6,7,0,6,0,5,1,1,12,66.5,1.32
1,113,4,7,6,8,3,5,0,,6,7,0,6,0,5,1,0,9,56,0.78
1,114,1,0,3,3,5,3,2,4,4,7,7,6,4,2,3,1,43,66.75,2.2
1,114,3,6,11,7,5,6,6,5,4,7,6,6,9,7,5,0,9,55.5,0.8925
1,115,1,4,7,6,3,5,,5,4,4,,,,,,1,39,61.25,1.2675
1,115,3,7,6,8,2,5,,6,4,7,,,,,,1,8,53.75,1.02
1,115,4,5,8,4,3,5,,4,3,6,,,,,,1,11,56,0.9675
1,116,1,3,3,,5,4,3,,0,0,,,,,,1,37,65.75,2.145
1,116,3,12,9,,12,14,14,,10,7,,,,,,1,9,56.5,1.23
1,117,1,6,3,2,6,2,,,1,2,3,1,1,4,3,1,43,67,2.09
1,117,3,11,10,9,7,5,,9,5,5,5,8,2,6,3,1,12,63.75,1.4725
1,118,1,5,3,7,3,5,6,7,6,4,4,4,4,3,3,1,37,62,2.0225
1,118,2,4,0,3,3,1,1,3,2,2,0,2,2,0,0,0,38,71.5,2.2525
1,118,3,14,10,10,12,13,14,14,14,6,12,12,12,10,12,0,8,55.5,0.97
1,118,4,11,6,14,13,15,13,14,14,8,12,6,12,12,12,0,11,60,0.9525
1,119,1,6,6,6,6,6,11,4,8,9,4,5,5,5,5,1,41,61,1.72
1,119,2,1,0,1,1,2,4,0,3,3,2,0,2,0,0,0,41,70,2.4
1,119,3,6,5,7,4,9,7,5,6,8,5,3,8,5,5,0,9,52,0.8
1,119,4,11,7,7,6,9,7,2,6,7,4,3,5,5,5,1,11,57,0.72
1,120,1,1,12,13,14,12,10,11,13,10,11,11,8,9,9,1,41,66.5,1.68
1,120,3,4,9,13,12,13,10,12,9,8,10,9,9,9,2,0,8,52,0.98
1,120,4,4,12,14,13,14,10,13,13,9,11,12,9,9,7,0,13,61.5,1.02
1,121,3,3,8,10,8,11,12,12,,,,,,,,1,10,59,1.13
1,121,4,5,10,4,11,10,10,12,,,,,,,,0,13,64.25,1.21
0,299,1,1,1,1,0,4,2,0,2,3,2,5,7,6,8,1,31,69.25,1.83
0,299,2,6,4,2,0,3,6,10,3,4,8,5,4,4,8,0,31,71.5,2.44
0,299,3,5,9,8,7,11,11,8,12,12,8,10,13,10,8,0,9,59.5,1.38
0,300,1,3,0,7,1,2,2,0,0,0,0,3,3,3,3,1,52,67.75,1.665
0,300,2,7,3,4,5,3,3,4,6,2,1,12,12,12,12,0,51,66,1.86
0,300,3,3,1,2,1,0,2,0,0,1,1,8,8,8,8,0,10,59.5,1.07
0,300,4,1,0,0,0,0,3,0,1,1,1,0,6,8,8,0,10,58,0.92
0,300,5,3,1,2,4,0,4,3,17,4,2,9,12,12,12,0,12,62,0.98
0,301,1,9,6,5,3,2,1,5,3,,7,7,8,7,6,1,50,64.5,1.08
0,301,2,3,3,0,1,0,1,1,0,,2,2,4,3,2,0,51,70,2.04
0,301,4,19,10,15,11,11,7,7,8,,11,9,8,11,6,0,15,64.75,0.9
0,302,1,3,3,4,4,0,0,5,4,4,2,0,1,0,1,1,46,62.75,1.285
0,302,2,0,0,2,10,6,0,1,6,2,0,0,1,0,0,0,48,71,1.91
0,302,3,6,5,7,3,3,0,2,0,0,1,0,2,4,3,1,8,51.5,0.61
0,302,4,3,5,0,3,2,0,3,2,3,0,3,3,4,3,1,8,50.5,0.7025
0,303,1,3,0,0,0,5,1,3,5,5,3,4,8,5,7,1,41,62.5,1.66
0,303,2,7,0,2,0,8,5,9,3,10,7,6,6,4,7,0,39,73,2.1425
0,303,3,8,12,10,6,12,9,8,10,13,10,6,12,11,9,0,9,54.75,0.8625
0,303,4,13,9,17,5,7,6,7,10,12,6,6,9,10,3,0,12,62.25,1.02
0,304,1,2,5,3,0,2,1,,1,3,1,0,4,0,2,1,43,65,1.5
0,304,2,1,0,0,0,1,,,1,0,1,0,0,0,0,0,45,75.25,2.26
0,304,3,2,1,2,1,2,,,2,1,1,0,4,0,0,1,9,56.25,0.96
0,304,4,2,1,0,2,3,,,3,0,0,0,1,0,0,0,12,61.5,1.05
0,305,1,0,0,0,0,0,0,0,0,0,0,0,0,0,1,1,49,64.25,2.37
0,305,3,4,2,0,0,0,0,0,0,0,0,0,1,0,0,1,10,54,1.47
0,307,1,3,4,0,1,6,8,3,5,3,5,6,4,3,3,1,38,66.5,1.7
0,307,3,6,5,3,0,8,5,3,5,3,5,8,12,5,5,1,11,59.75,1.33
0,307,4,3,0,,,,,,,,,,,,,1,13,64.5,1.6
0,308,1,4,0,3,0,1,2,1,2,3,4,2,2,3,3,1,43,64.25,1.185
0,308,2,3,4,1,3,1,3,4,7,4,6,7,6,7,6,0,49,70,2.5975
0,308,3,3,0,7,0,0,1,3,7,8,6,5,4,6,2,1,12,65,1.4125
0,308,4,1,0,0,0,2,0,1,0,0,0,0,0,0,0,1,13,63.5,1.52
0,312,1,6,7,5,7,5,6,6,5,5,7,8,7,5,5,1,37,64,1.51
0,312,2,0,0,1,0,0,0,0,0,0,2,0,1,1,1,0,49,68,2.28
0,312,3,1,3,3,0,0,1,0,0,0,2,1,0,0,1,0,11,66,1.45
0,313,1,4,0,0,7,4,6,3,5,8,4,4,4,5,7,1,32,65.75,1.54
0,313,2,0,0,0,0,0,0,0,0,0,0,0,0,0,0,0,33,67.25,1.835
0,313,3,6,6,7,11,9,5,6,5,9,7,5,9,7,7,1,9,53.75,0.89
0,313,4,6,6,4,4,5,2,5,5,4,8,2,6,5,4,1,15,62.75,1.27
0,314,1,10,2,2,5,4,2,2,2,3,2,1,1,0,0,1,40,63.5,1.92
0,314,3,4,4,5,2,10,3,2,3,5,6,3,3,4,2,0,10,57.5,1.08
0,314,4,4,5,1,9,3,0,2,8,3,6,4,3,7,5,1,12,60.5,0.965
0,315,1,2,1,0,0,1,2,0,0,,,,,,,1,35,67.75,2.955
0,315,3,0,0,2,1,1,0,0,0,,,,,,,1,12,60,2.185
0,316,2,0,0,0,0,0,0,0,,,,,,,,0,46,70.5,2.22
0,316,3,2,0,0,,,,,,,,,,,,0,11,59.5,1.155
0,317,1,0,0,0,0,1,2,0,0,0,1,1,0,1,,1,39,63,1.885
0,317,3,2,3,2,1,1,2,0,0,1,5,5,3,1,,1,10,58.25,0.995
0,318,2,10,15,16,16,2,16,14,13,12,15,12,11,12,11,0,38,70.5,1.92
0,318,3,2,2,2,3,0,7,4,2,4,4,0,0,1,2,0,11,57,1.055
0,320,1,1,7,7,4,5,6,6,7,7,8,6,6,5,6,1,48,62.25,1.55
0,320,2,9,21,21,21,21,21,18,21,21,18,21,21,19,20,0,52,71.5,1.97
0,320,3,0,2,2,6,3,3,4,4,6,6,5,4,4,3,1,12,61,1.32
0,321,1,0,2,0,2,0,1,0,0,0,0,0,1,0,2,1,33,59.25,2.01
0,321,3,1,0,1,3,4,1,0,0,2,1,0,0,1,2,1,9,51.25,0.8
0,321,4,1,0,2,3,5,2,0,0,2,1,0,0,1,2,0,10,59.25,1.75
0,323,1,7,10,12,9,11,10,9,9,9,7,7,9,9,7,1,41,67.25,1.46
0,323,2,0,0,0,0,0,4,0,4,0,0,0,0,1,1,0,48,73,2.395
0,323,3,4,2,5,3,6,3,5,6,6,4,3,4,4,4,1,11,57.25,1.12
0,323,4,6,5,0,4,8,7,7,6,6,7,3,6,5,5,1,12,59.75,0.885
0,323,5,3,3,5,5,7,6,5,7,5,7,4,5,5,5,1,8,49.75,0.6725
0,324,1,3,1,0,1,0,0,1,1,0,0,1,0,1,1,1,40,65,1.2
0,324,3,2,5,2,1,2,3,2,4,2,3,4,2,3,2,1,10,56.75,1
0,325,1,0,0,1,2,2,1,1,1,1,1,1,1,1,1,1,31,59.5,1.675
0,325,3,0,3,5,3,3,2,3,3,3,3,3,3,3,3,0,9,57.75,1.16
0,325,4,0,7,5,4,1,3,3,3,3,3,3,3,3,3,0,11,55.25,0.69
